{
  "PTS": {
    "n_rows": 95279,
    "n_features": 67,
    "rmse_mean": 5.098251962676396,
    "rmse_std": 0.02851396873477396,
    "mae_mean": 3.860102495546294,
    "r2_mean": 0.6599268097969988,
    "r2_std": 0.0039148495861084445,
    "baseline_rmse": 8.742670099774607,
    "resid_sigma": 1.3951416506129928,
    "resid_bias": -0.11470744310789262
  },
  "REB": {
    "n_rows": 95279,
    "n_features": 63,
    "rmse_mean": 2.19517847087545,
    "rmse_std": 0.014765992864342594,
    "mae_mean": 1.6712041021222213,
    "r2_mean": 0.5798476955361423,
    "r2_std": 0.00495059778493008,
    "baseline_rmse": 3.386899173277948,
    "resid_sigma": 0.8923005240533058,
    "resid_bias": -0.0922930493717928
  },
  "AST": {
    "n_rows": 95279,
    "n_features": 66,
    "rmse_mean": 1.7107081007452476,
    "rmse_std": 0.009449732717147106,
    "mae_mean": 1.2677664891988294,
    "r2_mean": 0.5801648201109302,
    "r2_std": 0.005567000298087766,
    "baseline_rmse": 2.6405166413106747,
    "resid_sigma": 0.7831160971548687,
    "resid_bias": -0.1288562053434819
  },
  "FG3M": {
    "n_rows": 95279,
    "n_features": 75,
    "rmse_mean": 1.1730564016418263,
    "rmse_std": 0.006328750823781131,
    "mae_mean": 0.8413437856614978,
    "r2_mean": 0.40816558900843153,
    "r2_std": 0.006524194624664637,
    "baseline_rmse": 1.5249224248472026,
    "resid_sigma": 0.603497950474633,
    "resid_bias": -0.08057103259136196
  },
  "STL": {
    "n_rows": 95279,
    "n_features": 63,
    "rmse_mean": 0.9048086738675767,
    "rmse_std": 0.0064288806341117775,
    "mae_mean": 0.7022016158075634,
    "r2_mean": 0.15089030577539134,
    "r2_std": 0.0032281838870130207,
    "baseline_rmse": 0.981994147436084,
    "resid_sigma": 0.5787651710571396,
    "resid_bias": -0.1737202219317837
  },
  "BLK": {
    "n_rows": 95279,
    "n_features": 63,
    "rmse_mean": 0.7316454578550131,
    "rmse_std": 0.005964108389350127,
    "mae_mean": 0.5279597645519547,
    "r2_mean": 0.25490326533021107,
    "r2_std": 0.007256116468134725,
    "baseline_rmse": 0.8476718682209717,
    "resid_sigma": 0.2927402370181764,
    "resid_bias": -0.1729914650650034
  },
  "FGM": {
    "n_rows": 95279,
    "n_features": 69,
    "rmse_mean": 1.9957267323111707,
    "rmse_std": 0.011184678205312243,
    "mae_mean": 1.5175903721701114,
    "r2_mean": 0.6156184853089814,
    "r2_std": 0.003969344980190564,
    "baseline_rmse": 3.2190413036644445,
    "resid_sigma": 0.8190369280316594,
    "resid_bias": -0.06840350968544492
  },
  "FGA": {
    "n_rows": 95279,
    "n_features": 87,
    "rmse_mean": 2.8507992086422123,
    "rmse_std": 0.022328904775357802,
    "mae_mean": 2.1699242748719083,
    "r2_mean": 0.7628060921917041,
    "r2_std": 0.003547692975174069,
    "baseline_rmse": 5.853678861937245,
    "resid_sigma": 0.8708728776220405,
    "resid_bias": -0.05383177187900462
  },
  "FTM": {
    "n_rows": 95279,
    "n_features": 80,
    "rmse_mean": 1.828868207648431,
    "rmse_std": 0.0166389243933198,
    "mae_mean": 1.3216259835242705,
    "r2_mean": 0.42546877876641326,
    "r2_std": 0.007899499526997469,
    "baseline_rmse": 2.412936835866432,
    "resid_sigma": 0.7614135569598155,
    "resid_bias": -0.2838785934849206
  },
  "FTA": {
    "n_rows": 95279,
    "n_features": 80,
    "rmse_mean": 2.1535070073058313,
    "rmse_std": 0.015637117520758956,
    "mae_mean": 1.5865240150600601,
    "r2_mean": 0.44145206310718416,
    "r2_std": 0.006727285549332597,
    "baseline_rmse": 2.8815396252826067,
    "resid_sigma": 0.9059541825685293,
    "resid_bias": -0.31329776615067567
  },
  "_reconciler": {
    "targets": [
      "PTS",
      "FGM",
      "FG3M",
      "FTM",
      "FGA",
      "FTA"
    ],
    "gains": {
      "PTS": 0.5881175658388715,
      "FGM": -0.14901948313371502,
      "FG3M": -0.03826522260916661,
      "FTM": -0.07557824528453186,
      "FGA": 0.06091018021670317,
      "FTA": -0.014125353315110183
    },
    "incoherence_before": 0.32451129710332977,
    "incoherence_after": 5.634342668989239e-16,
    "n_rows": 95279
  }
}