{
  "PTS": {
    "n_rows": 74912,
    "n_features": 50,
    "rmse_mean": 5.015777832720611,
    "rmse_std": 0.038337902333489,
    "mae_mean": 3.769375542136894,
    "r2_mean": 0.6720676385420552,
    "r2_std": 0.003305768428151771,
    "baseline_rmse": 8.759520255473284,
    "resid_sigma": 1.3576794484237518,
    "resid_bias": -0.13335344954483608
  },
  "REB": {
    "n_rows": 74912,
    "n_features": 50,
    "rmse_mean": 2.1600763439168498,
    "rmse_std": 0.011847152514210141,
    "mae_mean": 1.6337489094577062,
    "r2_mean": 0.5971666321845073,
    "r2_std": 0.0026169084634293472,
    "baseline_rmse": 3.403411684322808,
    "resid_sigma": 0.8692279184962848,
    "resid_bias": -0.09770813421331224
  },
  "AST": {
    "n_rows": 74912,
    "n_features": 50,
    "rmse_mean": 1.6970797238519757,
    "rmse_std": 0.01337524377124518,
    "mae_mean": 1.2490104230127994,
    "r2_mean": 0.5832760955431301,
    "r2_std": 0.004771682792006228,
    "baseline_rmse": 2.629144709884437,
    "resid_sigma": 0.770066052614875,
    "resid_bias": -0.1522238178308456
  },
  "FG3M": {
    "n_rows": 74912,
    "n_features": 50,
    "rmse_mean": 1.1596780727918403,
    "rmse_std": 0.01625552964656665,
    "mae_mean": 0.8276461955276702,
    "r2_mean": 0.4158125793650349,
    "r2_std": 0.009428294859560033,
    "baseline_rmse": 1.517387462825712,
    "resid_sigma": 0.5767240348319186,
    "resid_bias": -0.09657324966440728
  },
  "STL": {
    "n_rows": 74912,
    "n_features": 50,
    "rmse_mean": 0.8975333725590199,
    "rmse_std": 0.0052344995440449585,
    "mae_mean": 0.6883226285893451,
    "r2_mean": 0.16401496517902517,
    "r2_std": 0.002298105834461866,
    "baseline_rmse": 0.9817018392362753,
    "resid_sigma": 0.5749101086263041,
    "resid_bias": -0.15323217708316691
  },
  "BLK": {
    "n_rows": 74912,
    "n_features": 50,
    "rmse_mean": 0.7235476053217559,
    "rmse_std": 0.005664619509720504,
    "mae_mean": 0.5172515025050377,
    "r2_mean": 0.2584231627693955,
    "r2_std": 0.00573316959098926,
    "baseline_rmse": 0.8402861746810478,
    "resid_sigma": 0.28267819984119413,
    "resid_bias": -0.1663876619869691
  },
  "FGM": {
    "n_rows": 74912,
    "n_features": 50,
    "rmse_mean": 1.9622379516645245,
    "rmse_std": 0.017961662194714595,
    "mae_mean": 1.4817833366426805,
    "r2_mean": 0.6308897692340538,
    "r2_std": 0.004757668321322482,
    "baseline_rmse": 3.230122238022306,
    "resid_sigma": 0.7907101853888204,
    "resid_bias": -0.08585426383236136
  },
  "FGA": {
    "n_rows": 74912,
    "n_features": 50,
    "rmse_mean": 2.820411385496933,
    "rmse_std": 0.013680909164447846,
    "mae_mean": 2.12501365105564,
    "r2_mean": 0.7731924790061708,
    "r2_std": 0.003335603243792349,
    "baseline_rmse": 5.9228859943665215,
    "resid_sigma": 0.8739332001124243,
    "resid_bias": -0.060531145775244044
  },
  "FTM": {
    "n_rows": 74912,
    "n_features": 50,
    "rmse_mean": 1.7895710599672736,
    "rmse_std": 0.011718206006508657,
    "mae_mean": 1.2796444417283683,
    "r2_mean": 0.41792445436699976,
    "r2_std": 0.004667239401855008,
    "baseline_rmse": 2.3456971112003897,
    "resid_sigma": 0.7358552451400784,
    "resid_bias": -0.259648910173227
  },
  "FTA": {
    "n_rows": 74912,
    "n_features": 50,
    "rmse_mean": 2.109470837249233,
    "rmse_std": 0.009269390739971019,
    "mae_mean": 1.538249827255618,
    "r2_mean": 0.4346472109771852,
    "r2_std": 0.0027657736467267767,
    "baseline_rmse": 2.8055583770256267,
    "resid_sigma": 0.8722034196532035,
    "resid_bias": -0.3036706833975309
  }
}