{
  "PTS": {
    "n_rows": 74912,
    "n_features": 50,
    "rmse_mean": 5.011444338194927,
    "rmse_std": 0.041439138320879074,
    "mae_mean": 3.762472156308452,
    "r2_mean": 0.672633965203712,
    "r2_std": 0.003609035203167634,
    "baseline_rmse": 8.759520255473284,
    "resid_sigma": 1.3623438455626675,
    "resid_bias": -0.13603424048856638
  },
  "REB": {
    "n_rows": 74912,
    "n_features": 50,
    "rmse_mean": 2.1581612409688447,
    "rmse_std": 0.011808737718672314,
    "mae_mean": 1.63064650203472,
    "r2_mean": 0.597880717045583,
    "r2_std": 0.0025861869103320848,
    "baseline_rmse": 3.403411684322808,
    "resid_sigma": 0.8700938795508627,
    "resid_bias": -0.0990429824475749
  },
  "AST": {
    "n_rows": 74912,
    "n_features": 50,
    "rmse_mean": 1.6937553901901616,
    "rmse_std": 0.01360787042269918,
    "mae_mean": 1.2437583366472098,
    "r2_mean": 0.5849106759800158,
    "r2_std": 0.00452518588556313,
    "baseline_rmse": 2.629144709884437,
    "resid_sigma": 0.7638750548599179,
    "resid_bias": -0.1548778951555585
  },
  "FG3M": {
    "n_rows": 74912,
    "n_features": 50,
    "rmse_mean": 1.1581277439270297,
    "rmse_std": 0.016587661529748138,
    "mae_mean": 0.8221999760516457,
    "r2_mean": 0.41738571671033486,
    "r2_std": 0.008952093919787421,
    "baseline_rmse": 1.517387462825712,
    "resid_sigma": 0.5767875250851253,
    "resid_bias": -0.08857956546083998
  },
  "STL": {
    "n_rows": 74912,
    "n_features": 50,
    "rmse_mean": 0.8968502184220885,
    "rmse_std": 0.005413079379860989,
    "mae_mean": 0.6867717514008701,
    "r2_mean": 0.1652886080304671,
    "r2_std": 0.002469024474589839,
    "baseline_rmse": 0.9817018392362753,
    "resid_sigma": 0.577098268582472,
    "resid_bias": -0.1486338449815498
  },
  "BLK": {
    "n_rows": 74912,
    "n_features": 63,
    "rmse_mean": 0.721890910051781,
    "rmse_std": 0.005585768224698546,
    "mae_mean": 0.5134544094602977,
    "r2_mean": 0.2618146918794203,
    "r2_std": 0.0056401679718190234,
    "baseline_rmse": 0.8402861746810478,
    "resid_sigma": 0.2881272484539754,
    "resid_bias": -0.1612329947016047
  },
  "FGM": {
    "n_rows": 74912,
    "n_features": 50,
    "rmse_mean": 1.9604086692762153,
    "rmse_std": 0.01825368378091042,
    "mae_mean": 1.478438322082543,
    "r2_mean": 0.6315760715185578,
    "r2_std": 0.004947857252283205,
    "baseline_rmse": 3.230122238022306,
    "resid_sigma": 0.7986287291166958,
    "resid_bias": -0.08332219248137294
  },
  "FGA": {
    "n_rows": 74912,
    "n_features": 50,
    "rmse_mean": 2.816840846637653,
    "rmse_std": 0.01351835317433261,
    "mae_mean": 2.1209514851500746,
    "r2_mean": 0.7737646975419169,
    "r2_std": 0.0034273424442461675,
    "baseline_rmse": 5.9228859943665215,
    "resid_sigma": 0.8611185110248072,
    "resid_bias": -0.05611945582865613
  },
  "FTM": {
    "n_rows": 74912,
    "n_features": 50,
    "rmse_mean": 1.7868767152490723,
    "rmse_std": 0.011894494455798932,
    "mae_mean": 1.274374713297743,
    "r2_mean": 0.4196740048607922,
    "r2_std": 0.004975086479589008,
    "baseline_rmse": 2.3456971112003897,
    "resid_sigma": 0.7386854568640328,
    "resid_bias": -0.2545456758802405
  },
  "FTA": {
    "n_rows": 74912,
    "n_features": 50,
    "rmse_mean": 2.1064948673773483,
    "rmse_std": 0.00899082935347313,
    "mae_mean": 1.5311251723838557,
    "r2_mean": 0.43623773754937184,
    "r2_std": 0.0032976963097923967,
    "baseline_rmse": 2.8055583770256267,
    "resid_sigma": 0.8786852342582404,
    "resid_bias": -0.28269692871844077
  },
  "_reconciler": {
    "targets": [
      "PTS",
      "FGM",
      "FG3M",
      "FTM",
      "FGA",
      "FTA"
    ],
    "gains": {
      "PTS": 0.5866502741589424,
      "FGM": -0.12956151033461263,
      "FG3M": -0.04469559042959207,
      "FTM": -0.10953111474224023,
      "FGA": 0.0502393726146471,
      "FTA": -0.05815645266299256
    },
    "incoherence_before": 0.34965563759811213,
    "incoherence_after": 5.354856467588637e-16,
    "n_rows": 74912
  }
}