{
  "PTS": {
    "n_rows": 95279,
    "n_features": 67,
    "rmse_mean": 5.099535259321886,
    "rmse_std": 0.029776590562359526,
    "mae_mean": 3.860575408078149,
    "r2_mean": 0.6597542204446671,
    "r2_std": 0.004112737083385257,
    "baseline_rmse": 8.742670099774607,
    "resid_sigma": 1.39600750056522,
    "resid_bias": -0.11451345915742722
  },
  "REB": {
    "n_rows": 95279,
    "n_features": 63,
    "rmse_mean": 2.2005334147090934,
    "rmse_std": 0.015821550538956817,
    "mae_mean": 1.6734257685495515,
    "r2_mean": 0.5777962432632338,
    "r2_std": 0.0051283333825582365,
    "baseline_rmse": 3.386899173277948,
    "resid_sigma": 0.8928650328375909,
    "resid_bias": -0.09301283530417068
  },
  "AST": {
    "n_rows": 95279,
    "n_features": 66,
    "rmse_mean": 1.712986569907848,
    "rmse_std": 0.009854190403339421,
    "mae_mean": 1.268222041331698,
    "r2_mean": 0.5790403464739798,
    "r2_std": 0.006042370003745844,
    "baseline_rmse": 2.6405166413106747,
    "resid_sigma": 0.7860420740177236,
    "resid_bias": -0.1247396652734252
  },
  "FG3M": {
    "n_rows": 95279,
    "n_features": 75,
    "rmse_mean": 1.174120486645851,
    "rmse_std": 0.0064936197444019315,
    "mae_mean": 0.8424317995880697,
    "r2_mean": 0.4070942058842502,
    "r2_std": 0.006355005936389616,
    "baseline_rmse": 1.5249224248472026,
    "resid_sigma": 0.6054855534136793,
    "resid_bias": -0.08105130117225048
  },
  "STL": {
    "n_rows": 95279,
    "n_features": 63,
    "rmse_mean": 0.9050860243689944,
    "rmse_std": 0.0064481191323845916,
    "mae_mean": 0.7034054370530413,
    "r2_mean": 0.15036750993242304,
    "r2_std": 0.0038023343374559387,
    "baseline_rmse": 0.981994147436084,
    "resid_sigma": 0.5761893473877787,
    "resid_bias": -0.18077545316484134
  },
  "BLK": {
    "n_rows": 95279,
    "n_features": 63,
    "rmse_mean": 0.7320767771760092,
    "rmse_std": 0.00581532253083482,
    "mae_mean": 0.5286905135647088,
    "r2_mean": 0.25401308117485666,
    "r2_std": 0.00813326725263524,
    "baseline_rmse": 0.8476718682209717,
    "resid_sigma": 0.29258475862198124,
    "resid_bias": -0.17179869108940282
  },
  "FGM": {
    "n_rows": 95279,
    "n_features": 69,
    "rmse_mean": 1.996737827559397,
    "rmse_std": 0.010589060683348825,
    "mae_mean": 1.5190245548676,
    "r2_mean": 0.6152305553076621,
    "r2_std": 0.003682517398348492,
    "baseline_rmse": 3.2190413036644445,
    "resid_sigma": 0.8204966594854485,
    "resid_bias": -0.07061646716011044
  },
  "FGA": {
    "n_rows": 95279,
    "n_features": 87,
    "rmse_mean": 2.8551038693305344,
    "rmse_std": 0.022911485375980808,
    "mae_mean": 2.1727524450766147,
    "r2_mean": 0.7620881634099468,
    "r2_std": 0.003675482532600425,
    "baseline_rmse": 5.853678861937245,
    "resid_sigma": 0.8706546094350731,
    "resid_bias": -0.05750552047858314
  },
  "FTM": {
    "n_rows": 95279,
    "n_features": 80,
    "rmse_mean": 1.8302320176146292,
    "rmse_std": 0.016046909712034693,
    "mae_mean": 1.3229536455784445,
    "r2_mean": 0.42461795124478063,
    "r2_std": 0.007169184353550368,
    "baseline_rmse": 2.412936835866432,
    "resid_sigma": 0.764396107403845,
    "resid_bias": -0.283201261637975
  },
  "FTA": {
    "n_rows": 95279,
    "n_features": 80,
    "rmse_mean": 2.1563014429290455,
    "rmse_std": 0.017119824533072436,
    "mae_mean": 1.587781997428754,
    "r2_mean": 0.4399984108507929,
    "r2_std": 0.007449440798848739,
    "baseline_rmse": 2.8815396252826067,
    "resid_sigma": 0.9055614763508326,
    "resid_bias": -0.3133613518683378
  },
  "_reconciler": {
    "targets": [
      "PTS",
      "FGM",
      "FG3M",
      "FTM",
      "FGA",
      "FTA"
    ],
    "gains": {
      "PTS": 0.528650652643872,
      "FGM": -0.1625559964560874,
      "FG3M": -0.04617299193128888,
      "FTM": -0.1000643625126643,
      "FGA": 0.009257836618734678,
      "FTA": -0.02778876434191545
    },
    "incoherence_before": 0.3458698678512824,
    "incoherence_after": 5.650538689259077e-16,
    "n_rows": 95279
  }
}