{
  "PTS": {
    "n_rows": 74912,
    "n_features": 67,
    "rmse_mean": 5.00195340214524,
    "rmse_std": 0.03816053116232829,
    "mae_mean": 3.7554513176820947,
    "r2_mean": 0.6738708584378247,
    "r2_std": 0.003471165955653694,
    "baseline_rmse": 8.759520255473284,
    "resid_sigma": 1.3582301388503648,
    "resid_bias": -0.13368803094825102
  },
  "REB": {
    "n_rows": 74912,
    "n_features": 63,
    "rmse_mean": 2.15654721202424,
    "rmse_std": 0.010281858031560393,
    "mae_mean": 1.629313695027901,
    "r2_mean": 0.5984813224475127,
    "r2_std": 0.002205744333494988,
    "baseline_rmse": 3.403411684322808,
    "resid_sigma": 0.8670418289517552,
    "resid_bias": -0.1003883960976722
  },
  "AST": {
    "n_rows": 74912,
    "n_features": 66,
    "rmse_mean": 1.6912066965863068,
    "rmse_std": 0.014271864836148427,
    "mae_mean": 1.2418444102076385,
    "r2_mean": 0.5861543520503992,
    "r2_std": 0.00514896571192914,
    "baseline_rmse": 2.629144709884437,
    "resid_sigma": 0.7606383408666623,
    "resid_bias": -0.15131775844412626
  },
  "FG3M": {
    "n_rows": 74912,
    "n_features": 50,
    "rmse_mean": 1.1581277439270297,
    "rmse_std": 0.016587661529748138,
    "mae_mean": 0.8221999760516457,
    "r2_mean": 0.41738571671033486,
    "r2_std": 0.008952093919787421,
    "baseline_rmse": 1.517387462825712,
    "resid_sigma": 0.5767875250851253,
    "resid_bias": -0.08857956546083998
  },
  "STL": {
    "n_rows": 74912,
    "n_features": 63,
    "rmse_mean": 0.8962162266919194,
    "rmse_std": 0.00548013734630219,
    "mae_mean": 0.6862833550736253,
    "r2_mean": 0.16646907954875864,
    "r2_std": 0.002478185857155581,
    "baseline_rmse": 0.9817018392362753,
    "resid_sigma": 0.5779413380048886,
    "resid_bias": -0.14742341297849598
  },
  "BLK": {
    "n_rows": 74912,
    "n_features": 63,
    "rmse_mean": 0.721890910051781,
    "rmse_std": 0.005585768224698546,
    "mae_mean": 0.5134544094602977,
    "r2_mean": 0.2618146918794203,
    "r2_std": 0.0056401679718190234,
    "baseline_rmse": 0.8402861746810478,
    "resid_sigma": 0.2881272484539754,
    "resid_bias": -0.1612329947016047
  },
  "FGM": {
    "n_rows": 74912,
    "n_features": 69,
    "rmse_mean": 1.957900372389855,
    "rmse_std": 0.017843308690211234,
    "mae_mean": 1.476602782689537,
    "r2_mean": 0.6325150290275757,
    "r2_std": 0.005073642032762851,
    "baseline_rmse": 3.230122238022306,
    "resid_sigma": 0.7966701837120764,
    "resid_bias": -0.08548229679533681
  },
  "FGA": {
    "n_rows": 74912,
    "n_features": 87,
    "rmse_mean": 2.8068544705478,
    "rmse_std": 0.010619132606910704,
    "mae_mean": 2.115606523893052,
    "r2_mean": 0.7753704118123677,
    "r2_std": 0.002958279784404144,
    "baseline_rmse": 5.9228859943665215,
    "resid_sigma": 0.8590547788523655,
    "resid_bias": -0.05665676567358046
  },
  "FTM": {
    "n_rows": 74912,
    "n_features": 80,
    "rmse_mean": 1.7827125226076888,
    "rmse_std": 0.015532217566769672,
    "mae_mean": 1.2716321299567526,
    "r2_mean": 0.4223721616025179,
    "r2_std": 0.007025832741431478,
    "baseline_rmse": 2.3456971112003897,
    "resid_sigma": 0.740085040087014,
    "resid_bias": -0.2544574312956463
  },
  "FTA": {
    "n_rows": 74912,
    "n_features": 80,
    "rmse_mean": 2.102379154574913,
    "rmse_std": 0.011211103805813876,
    "mae_mean": 1.5285503901899808,
    "r2_mean": 0.43844256828857864,
    "r2_std": 0.003565154513988463,
    "baseline_rmse": 2.8055583770256267,
    "resid_sigma": 0.8784035868486001,
    "resid_bias": -0.28270201005358614
  },
  "_reconciler": {
    "targets": [
      "PTS",
      "FGM",
      "FG3M",
      "FTM",
      "FGA",
      "FTA"
    ],
    "gains": {
      "PTS": 0.5578572036112257,
      "FGM": -0.13897448383415992,
      "FG3M": -0.057013847190024405,
      "FTM": -0.10717998153043007,
      "FGA": 0.03024146251900565,
      "FTA": -0.06395276197426468
    },
    "incoherence_before": 0.34922309412803926,
    "incoherence_after": 5.415375419439567e-16,
    "n_rows": 74912
  }
}